code,printed_no,type,ns_angle,fs_angle,max_land,land_dec,status,replacement
FB002,FB002,FLANGE,22 1/2,,"1/16"" MAX",.06,,
FB004,FB004,FLANGE,22.5,22.5,"0-1/16"" MAX LAND",.06,,
FB025,FB025,FLANGE,27 1/2,27 1/2,"0-1/16"" MAX LAND",.06,,
FB050,FB050,FLANGE BEVEL,,25,.06 MAX LAND,.06,,
KB076,WB076,WEB,22 1/2,,"1/16"" MAX",.06,,
KB100,KB100,SINGLE N/S BEVEL,10.0,,"0-1/16"" MAX LAND",.06,,
KB101,KB101,SINGLE N/S BEVEL,12.5,,"0-1/16"" MAX LAND",.06,,
KB102,KB102,SINGLE N/S BEVEL,15,,"0-1/16"" MAX LAND",.06,,
FB052,FB052,FLANGE,22.5,,"0-1/16"" MAX LAND",.06,,
FB053,FB053,FLANGE,27.5 TYP,27.5 TYP,".06"" MAX LAND",.06,,
FB054,FB054,FLANGE,27 1/2,27 1/2,"0-1/16"" MAX LAND",.06,,
FB055,FB055,FLANGE,27.5 TYP,27.5 TYP,".06"" LAND",.06,,
FB056,FB056,FLANGE,27.5 TYP,27.5 TYP,".06"" MAX LAND",.06,,
FB061,FB061,FLANGE,22.5,,,,,
FB062,FB062,FLANGE,22.5,,,,,
FB063,FB063,TAPER WITH DOUBLE BEVEL,22.5,22.5,,,,
FB064,FB064,TAPER WITH DOUBLE BEVEL,30 / 30,30 / 30,0.06 MAX LAND,0.06,,
FB065,FB065,TAPER WITH DOUBLE BEVEL,22.5,22.5,,,,
FB066,FB066,FLANGE BEVEL,22.5 TYP,22.5 TYP,.06 MAX LAND,.06,,
FB067,FB067,TAPER WITH DOUBLE BEVEL,22.5,22.5,,,,
FB068,FB068,TAPER WITH DOUBLE BEVEL,22.5,22.5,,,,
FB069,FB069,FLANGE,22.5,22.5,0-1/16 MAX LAND,.06,,
FB070,FB070,FLANGE TAPER WITH DOUBLE BEVEL,22.5 TYP,22.5 TYP,0.06 MAX LAND,0.06,,
KB066,WB066,WEB,22 1/2,,"1/16"" MAX",.06,,
KB103,KB103,SINGLE N/S BEVEL,17.5,,"0-1/16"" MAX LAND",.06,,
KB104,KB104,SINGLE N/S BEVEL,20,,"0-1/16"" MAX LAND",.06,,
KB105,KB105,SINGLE N/S BEVEL,22.5,,"0-1/16"" MAX LAND",.06,,
KB106,KB106,SINGLE N/S BEVEL,25,,"0-1/16"" MAX LAND",.06,,
KB107,KB107,SINGLE N/S BEVEL,27.5,,"0-1/16"" MAX LAND",.06,,
KB108,KB108,SINGLE N/S BEVEL,30,,"0-1/16"" MAX LAND",.06,,
KB109,KB109,SINGLE N/S BEVEL,32.5,,"0-1/16"" MAX LAND",.06,,
KB110,KB110,SINGLE N/S BEVEL,35,,"0-1/16"" MAX LAND",.06,,
KB111,KB111,SINGLE N/S BEVEL,37.5,,"0-1/16"" MAX LAND",.06,,
KB112,KB112,SINGLE N/S BEVEL,40,,"0-1/16"" MAX LAND",.06,,
KB113,KB113,SINGLE N/S BEVEL,42.5,,"0-1/16"" MAX LAND",.06,,
KB115,KB115,SINGLE N/S BEVEL,30,,,,,
KB116,KB116,SINGLE N/S BEVEL,22.5,,,,,
KB117,KB117,SINGLE N/S BEVEL,22.5,,,,,
KB118,KB118,SINGLE N/S BEVEL,45,,,,,
KB119,KB119,SINGLE N/S BEVEL,67.5,,,,,
KB120,KB120,SINGLE N/S BEVEL,67.5,,,,,
KB121,KB121,SINGLE N/S BEVEL,45,,,,,
KB122,KB122,SINGLE N/S BEVEL,53,,"0-1/16"" MAX LAND",.06,,
KB123,KB123,SINGLE N/S BEVEL,45,,,,,
KB124,KB124,SINGLE N/S BEVEL,22.5,,,,,
KB125,KB125,SINGLE N/S BEVEL,67.5,,,,,
KB126,KB126,SINGLE N/S BEVEL,22.5,,,,,
KB127,KB127,SINGLE N/S BEVEL,22.5,,,,,
KB128,KB128,SINGLE N/S BEVEL,38,,,,,
KB129,KB129,SINGLE N/S BEVEL,63.5,,"0-1/16"" MAX LAND",.06,,
KB114,KB114,SINGLE N/S BEVEL,45,,"0-1/16"" MAX LAND",.06,,
KB130,KB130,SINGLE N/S BEVEL,50,,"0-1/16"" MAX LAND",.06,,
KB131,KB131,SINGLE N/S BEVEL,63,,"0 3/16"" LAND",.19,,
KB132,KB132,SINGLE N/S BEVEL,67.5,,,,,
KB133,KB133,SINGLE N/S BEVEL,22.5,,,,,
KB134,KB134,SINGLE N/S BEVEL,30,,,,,
KB135,KB135,SINGLE N/S BEVEL,22.5,,,,,
KB136,KB136,SINGLE N/S BEVEL,5,,"0-1/16"" MAX LAND",.06,,
KB137,KB137,SINGLE N/S BEVEL,45,,,,,
KB138,KB138,SINGLE N/S BEVEL,40,,,,,
KB139,KB139,SINGLE N/S BEVEL,55,,,,,
KB140,KB140,SINGLE N/S BEVEL,67.5,,,,,
KB141,KB141,SINGLE N/S BEVEL,30,,,,,
KB142,KB142,SINGLE N/S BEVEL,45,,,,,
KB143,KB143,SINGLE N/S BEVEL,50,,,,,
KB144,KB144,SINGLE N/S BEVEL,25,,,,,
KB145,KB145,SINGLE N/S BEVEL,22.5,,,,,
KB146,KB146,SINGLE N/S BEVEL,22.5,,,,,
KB147,KB147,SINGLE N/S BEVEL,22.5,,,,,
KB148,KB148,SINGLE N/S BEVEL,77.5,,,,,
KB149,KB149,SINGLE N/S BEVEL,60,,"5/16"" LAND",.31,,
KB150,KB150,SINGLE N/S BEVEL,67.5,,,,,
KB151,KB151,SINGLE N/S BEVEL,,,,,NO SKETCH,
KB152,KB152,SINGLE N/S BEVEL,52.5,,,,,
KB153,KB153,SINGLE N/S BEVEL,45,,,,,
KB154,KB154,SINGLE N/S BEVEL,30,,,,,
KB155,KB155,SINGLE N/S BEVEL,67.5,,,,,
KB156,KB156,SINGLE N/S BEVEL,30,,,,,
KB157,KB157,SINGLE N/S BEVEL,52,,,,,
KB158,KB158,SINGLE N/S BEVEL,52,,,,,
KB159,KB159,SINGLE N/S BEVEL,52,,,,,
KB160,KB160,SINGLE N/S BEVEL,67.5,,,,,
KB161,KB161,SINGLE N/S BEVEL,45,,,,,
KB162,KB162,SINGLE N/S BEVEL,60.0,,"0-1/16"" MAX LAND",.06,,
KB163,KB163,SINGLE N/S BEVEL,45,,,,,
KB164,KB164,SINGLE N/S BEVEL,45,,,,,
KB165,KB165,SINGLE N/S BEVEL,45,,,,,
KB166,KB166,SINGLE N/S BEVEL,7,,"0-1/16"" MAX LAND",.06,,
KB167,KB167,SINGLE N/S BEVEL,75,,"0-1/16"" MAX LAND",.06,,
KB168,KB168,SINGLE N/S BEVEL,9.0,,"0-1/16"" MAX LAND",.06,,
KB169,KB169,SINGLE N/S BEVEL,52,,,,,
KB170,KB170,SINGLE N/S BEVEL,45,,,,,
KB171,KB171,SINGLE N/S BEVEL,25,,,,,
KB172,KB172,SINGLE N/S BEVEL,70.5,,"0-1/16"" MAX LAND",.06,,
KB173,KB173,SINGLE N/S BEVEL,55,,"1/16"" MAX LAND",.06,,
KB174,KB174,SINGLE N/S BEVEL,38,,,,,
KB175,KB175,SINGLE N/S BEVEL,45,,1.00 LAND,1.00,,
KB176,KB176,SINGLE N/S BEVEL,45,,.50 LAND,.50,,
KB177,KB177,SINGLE N/S BEVEL,45,,.75 LAND,.75,,
KB178,KB178,SINGLE N/S BEVEL,45,,,,,
KB179,KB179,SINGLE N/S BEVEL,52,,"1/8"" LAND",.13,,
KB180,KB180,SINGLE N/S BEVEL,38,,,,,
KB181,KB181,SINGLE N/S BEVEL,45,,,,,
KB200,KB200,BALANCED DOUBLE BEVEL,22.5,22.5,"0-1/16"" MAX LAND",.06,,
KB201,KB201,BALANCED DOUBLE BEVEL,27.5,27.5,"0-1/16"" MAX LAND",.06,,
KB202,KB202,BALANCED DOUBLE BEVEL,30,30,"0-1/16"" MAX LAND",.06,,
KB203,KB203,BALANCED DOUBLE BEVEL,35,35,"0-1/16"" MAX LAND",.06,,
KB204,KB204,BALANCED DOUBLE BEVEL,45,45,"0-1/16"" MAX LAND",.06,,
KB205,KB205,BALANCED DOUBLE BEVEL,52,52,,,,
KB206,KB206,BALANCED DOUBLE BEVEL,52,52,,,,
KB207,KB207,BALANCED DOUBLE BEVEL,52,52,,,,
KB208,KB208,BALANCED DOUBLE BEVEL,35,35,,,,
KB209,KB209,BALANCED DOUBLE BEVEL,52,52,,,,
KB210,KB210,BALANCED DOUBLE BEVEL,52,52,,,,
KB211,KB211,BALANCED DOUBLE BEVEL,52,52,,,,
KB212,KB212,BALANCED DOUBLE BEVEL,22.5,22.5,,,,
KB213,KB213,BALANCED DOUBLE BEVEL,52,52,,,,
KB214,KB214,BALANCED DOUBLE BEVEL,45,45,,,,
KB215,KB215,BALANCED DOUBLE BEVEL,67.5,67.5,,,,
KB216,KB216,BALANCED DOUBLE BEVEL,60,60,,,,
KB217,KB217,BALANCED DOUBLE BEVEL,52,52,,,,
KB218,KB218,BALANCED DOUBLE BEVEL,52,52,,,,
KB219,KB219,BALANCED DOUBLE BEVEL,52,52,,,,
KB220,KB220,BALANCED DOUBLE BEVEL,52,52,,,,
KB221,KB221,BALANCED DOUBLE BEVEL,52,52,"0-1/16"" MAX LAND",.06,,
KB222,KB222,BALANCED DOUBLE BEVEL,45,45,,,,
KB223,KB223,BALANCED DOUBLE BEVEL,58,58,,,,
KB224,KB224,BALANCED DOUBLE BEVEL,22,22,,,,
KB225,KB225,BALANCED DOUBLE BEVEL,45,45,,,,
KB226,KB226,BALANCED DOUBLE BEVEL,40,40,,,,
KB227,KB227,BALANCED DOUBLE BEVEL,52,52,,,,
KB228,KB228,BALANCED DOUBLE BEVEL,52,52,,,,
KB229,KB229,BALANCED DOUBLE BEVEL,60,60,,,,
KB230,KB230,BALANCED DOUBLE BEVEL,41,49,,,,
KB231,KB231,BALANCED DOUBLE BEVEL,49,41,,,,
KB232,KB232,BALANCED DOUBLE BEVEL,60,60,,,,
KB233,KB233,STD,55,55,,,,
KB300,KB300,SINGLE F/S BEVEL,,10,"0-1/16"" MAX LAND",.06,,
KB301,KB301,SINGLE F/S BEVEL,,12.5,"0-1/16"" MAX LAND",.06,,
KB302,KB302,SINGLE F/S BEVEL,,15,"0-1/16"" MAX LAND",.06,,
KB303,KB303,SINGLE F/S BEVEL,,17.5,"0-1/16"" MAX LAND",.06,,
KB304,KB304,SINGLE F/S BEVEL,,20,"0-1/16"" MAX LAND",.06,,
KB305,KB305,SINGLE F/S BEVEL,,22.5,"0-1/16"" MAX LAND",.06,,
KB306,KB306,SINGLE F/S BEVEL,,25,"0-1/16"" MAX LAND",.06,,
KB307,KB307,SINGLE F/S BEVEL,,27.5,"0-1/16"" MAX LAND",.06,,
KB308,KB308,SINGLE F/S BEVEL,,30,"0-1/16"" MAX LAND",.06,,
KB309,KB309,SINGLE F/S BEVEL,,32.5,"0-1/16"" MAX LAND",.06,,
KB310,KB310,SINGLE F/S BEVEL,,35,"0-1/16"" MAX LAND",.06,,
KB311,KB311,SINGLE F/S BEVEL,,37.5,"0-1/16"" MAX LAND",.06,,
KB312,KB312,SINGLE F/S BEVEL,,40,"0-1/16"" MAX LAND",.06,,
KB313,KB313,SINGLE F/S BEVEL,,42.5,"0-1/16"" MAX LAND",.06,,
KB314,KB314,SINGLE F/S BEVEL,,45,"0-1/16"" MAX LAND",.06,,
KB315,KB315,SINGLE F/S BEVEL,,30,,,,
KB316,KB316,SINGLE F/S BEVEL,,22.5,,,,
KB317,KB317,SINGLE F/S BEVEL,,22.5,,,,
KB318,KB318,SINGLE F/S BEVEL,,45,,,,
KB319,KB319,SINGLE F/S BEVEL,,16,"0-1/16"" MAX LAND",.06,,
KB320,KB320,SINGLE F/S BEVEL,,22.5,,,,
KB321,KB321,SINGLE F/S BEVEL,,45,,,,
KB322,KB322,SINGLE F/S BEVEL,,53,"0-1/16"" MAX LAND",.06,,
KB323,KB323,SINGLE F/S BEVEL,,45,,,,
KB324,KB324,SINGLE F/S BEVEL,,22.5,,,,
KB325,KB325,SINGLE F/S BEVEL,,67.5,,,,
KB326,KB326,SINGLE F/S BEVEL,,22.5,,,,
KB327,KB327,SINGLE F/S BEVEL,,22.5,,,,
KB328,KB328,SINGLE F/S BEVEL,,50,"0-1/16"" MAX LAND",.06,,
KB329,KB329,SINGLE F/S BEVEL,,22.5,,,,
KB330,KB330,SINGLE F/S BEVEL,,35,,,,
KB331,KB331,SINGLE F/S BEVEL,,63,,,,
KB332,KB332,SINGLE F/S BEVEL,,67.5,,,,
KB333,KB333,SINGLE F/S BEVEL,,45,,,,
KB334,KB334,SINGLE F/S BEVEL,,30,,,,
KB335,KB335,SINGLE F/S BEVEL,,40,,,,
KB336,KB336,SINGLE F/S BEVEL,,55,,,,
KB337,KB337,SINGLE F/S BEVEL,,62.5,"0-1/16"" MAX LAND",.06,,
KB338,KB338,SINGLE F/S BEVEL,,30,,,,
KB339,KB339,SINGLE F/S BEVEL,,45,,,,
KB340,KB340,SINGLE F/S BEVEL,,25,,,,
KB341,KB341,SINGLE F/S BEVEL,,22.5,,,,
KB342,KB342,SINGLE F/S BEVEL,,22.5,,,,
KB343,KB343,SINGLE F/S BEVEL,,58,,,,
KB344,KB344,SINGLE F/S BEVEL,,77.5,,,,
KB345,KB345,SINGLE F/S BEVEL,,52.5,,,,
KB346,KB346,SINGLE F/S BEVEL,,45,,,,
KB347,KB347,SINGLE F/S BEVEL,,60,,,,
KB348,KB348,SINGLE F/S BEVEL,,45,,,,
KB349,KB349,SINGLE F/S BEVEL,,30,,,,
KB350,KB350,SINGLE F/S BEVEL,,67.5,,,,
KB351,KB351,SINGLE F/S BEVEL,,30,,,,
KB352,KB352,SINGLE F/S BEVEL,,52,,,,
KB353,KB353,SINGLE F/S BEVEL,,52,,,,
KB354,KB354,SINGLE F/S BEVEL,,45,,,,
KB355,KB355,SINGLE F/S BEVEL,,45,,,,
KB356,KB356,SINGLE F/S BEVEL,,37.5,,,,
KB357,KB357,SINGLE F/S BEVEL,,57,,,,
KB358,KB358,SINGLE F/S BEVEL,,67.5,,,,
KB359,KB359,SINGLE F/S BEVEL,,5,,,,
KB360,KB360,SINGLE F/S BEVEL,,45,,,,
KB361,KB361,SINGLE F/S BEVEL,,45,,,,
KB362,KB362,SINGLE F/S BEVEL,,33,,,,
KB363,KB363,SINGLE F/S BEVEL,,34,,,,
KB364,KB364,SINGLE F/S BEVEL,,8,"0-1/16"" MAX LAND",.06,,
KB365,KB365,SINGLE F/S BEVEL,,60.0,"0-1/16"" MAX LAND",.06,,
KB366,KB366,SINGLE F/S BEVEL,,6,"0-1/16"" MAX LAND",.06,,
KB367,KB367,SINGLE F/S BEVEL,,35,.125 MIN. LAND,.125,,
KB368,KB368,SINGLE F/S BEVEL,,70.5,"0-1/16"" MAX LAND",.06,,
KB369,KB369,SINGLE F/S BEVEL,,52.5,,,,
KB370,KB370,SINGLE F/S BEVEL,,52,,,,
KB371,KB371,SINGLE F/S BEVEL,,52,,,,
KB372,KB372,SINGLE F/S BEVEL,,52,,,,
KB373,KB373,SINGLE F/S BEVEL,,45,,,,
KB374,KB374,SINGLE F/S BEVEL,,52,,,,
KB375,KB375,SINGLE F/S BEVEL,,38,,,,
KB376,KB376,SINGLE F/S BEVEL,,15,,,,
KB377,KB377,SINGLE F/S BEVEL,,38,,,,
KB378,KB378,SINGLE F/S BEVEL,,38,,,,
KB379,KB379,SINGLE F/S BEVEL,,52.0,"1/8"" LAND",.13,,
KB400,KB400,UNBALANCED DOUBLE BEVEL,12.5,32.5,"0-1/16"" MAX LAND",.06,,
KB401,KB401,UNBALANCED DOUBLE BEVEL,32.5,12.5,"0-1/16"" MAX LAND",.06,,
KB402,KB402,UNBALANCED DOUBLE BEVEL,45,22.5,"0-1/16"" MAX LAND",.06,,
KB403,KB403,UNBALANCED DOUBLE BEVEL,17.5,32.5,"0-1/16"" MAX LAND",.06,,
KB404,KB404,UNBALANCED DOUBLE BEVEL,22.5,22.5,"0-1/16"" MAX LAND",.06,,
KB405,KB405,UNBALANCED DOUBLE BEVEL,22.5,67,"0-1/16"" MAX LAND",.06,,
KB406,KB406,UNBALANCED DOUBLE BEVEL,30,60,"0-1/16"" MAX LAND",.06,,
KB407,KB407,UNBALANCED DOUBLE BEVEL,67,22.5,"0-1/16"" MAX LAND",.06,,
KB408,KB408,UNBALANCED DOUBLE BEVEL,60,30,"0-1/16"" MAX LAND",.06,,
KB409,KB409,UNBALANCED DOUBLE BEVEL,52,52,,,,
KB410,KB410,UNBALANCED DOUBLE BEVEL,52,52,,,,
KB411,KB411,UNBALANCED DOUBLE BEVEL,22.5,45,"0-1/16"" MAX LAND",.06,,
KB412,KB412,UNBALANCED DOUBLE BEVEL,38,28,,,,
KB413,KB413,UNBALANCED DOUBLE BEVEL,51,39,"0-1/16"" MAX LAND",.06,,
KB414,KB414,UNBALANCED DOUBLE BEVEL,39,51,"0-1/16"" MAX LAND",.06,,
KB415,KB415,UNBALANCED DOUBLE BEVEL,17.5,32,"0-1/16"" MAX LAND",.06,,
KB416,KB416,UNBALANCED DOUBLE BEVEL,22.5,22.5,"0-1/16"" MAX LAND",.06,,
KB417,KB417,UNBALANCED DOUBLE BEVEL,75,15,"0-1/16"" MAX LAND",.06,,
KB418,KB418,UNBALANCED DOUBLE BEVEL,15,75,"0-1/16"" MAX LAND",.06,,
KB419,KB419,UNBALANCED DOUBLE BEVEL,66,24,"0-1/16"" MAX LAND",.06,,
KB420,KB420,UNBALANCED DOUBLE BEVEL,24,66,"0-1/16"" MAX LAND",.06,,
KB421,KB421,UNBALANCED DOUBLE BEVEL,58,32,"0-1/16"" MAX LAND",.06,,
KB422,KB422,UNBALANCED DOUBLE BEVEL,32,58,"0-1/16"" MAX LAND",.06,,
KB423,KB423,UNBALANCED DOUBLE BEVEL,45,45,"0-1/16"" MAX LAND",.06,,
KB424,KB424,UNBALANCED DOUBLE BEVEL,45,45,"0-1/16"" MAX LAND",.06,,
KB425,KB425,UNBALANCED DOUBLE BEVEL,35,10,"0-1/16"" MAX LAND",.06,,
KB426,KB426,UNBALANCED DOUBLE BEVEL,10,35,"0-1/16"" MAX LAND",.06,,
KB427,KB427,UNBALANCED DOUBLE BEVEL,45,45,"0-1/16"" MAX LAND",.06,,
KB428,KB428,UNBALANCED DOUBLE BEVEL,45,45,"0-1/16"" MAX LAND",.06,,
KB429,KB429,UNBALANCED DOUBLE BEVEL,55,35,"0-1/16"" MAX LAND",.06,,
KB430,KB430,UNBALANCED DOUBLE BEVEL,35,55,"0-1/16"" MAX LAND",.06,,
KB431,KB431,UNBALANCED DOUBLE BEVEL,22.5,22.5,"0-1/16"" MAX LAND",.06,,
KB432,KB432,UNBALANCED DOUBLE BEVEL,22.5,22.5,"0-1/16"" MAX LAND",.06,,
KB433,KB433,UNBALANCED DOUBLE BEVEL,22.5,22.5,"0-1/16"" MAX LAND",.06,,
KB434,KB434,UNBALANCED DOUBLE BEVEL,22.5,22.5,"0-1/16"" MAX LAND",.06,,
KB435,KB435,UNBALANCED DOUBLE BEVEL,52,38,"0-1/16"" MAX LAND",.06,,
KB436,KB436,UNBALANCED DOUBLE BEVEL,75,16,"0-1/16"" MAX LAND",.06,,
KB437,KB437,UNBALANCED DOUBLE BEVEL,15,75,"0-1/16"" MAX LAND",.06,,
KB438,KB438,UNBALANCED DOUBLE BEVEL,22.5,30,"0-1/16"" MAX LAND",.06,,
KB439,KB439,UNBALANCED DOUBLE BEVEL,30,22.5,"0-1/16"" MAX LAND",.06,,
KB440,KB440,UNBALANCED DOUBLE BEVEL,23,67,"0-1/16"" MAX LAND",.06,,
KB441,KB441,UNBALANCED DOUBLE BEVEL,67,23,"0-1/16"" MAX LAND",.06,,
KB442,KB442,UNBALANCED DOUBLE BEVEL,32,36,"0 1/4"" LAND",.25,,
KB443,KB443,UNBALANCED DOUBLE BEVEL,35,32,"0 1/4"" LAND",.25,,
KB444,KB444,UNBALANCED DOUBLE BEVEL,22.5,35,"0-1/16"" MAX LAND",.06,,
KB445,KB445,UNBALANCED DOUBLE BEVEL,35,22.5,"0-1/16"" MAX LAND",.06,,
KB446,KB446,UNBALANCED DOUBLE BEVEL,63,5,"0-1/16"" MAX LAND",.06,,
KB447,KB447,UNBALANCED DOUBLE BEVEL,22.5,22.5,"0-1/16"" MAX LAND",.06,,
KB448,KB448,UNBALANCED DOUBLE BEVEL,45,22.5,"0-1/16"" MAX LAND",.06,,
KB449,KB449,UNBALANCED DOUBLE BEVEL,45,45,"0-1/16"" MAX LAND",.06,,
KB450,KB450,UNBALANCED DOUBLE BEVEL,45,45,"0-1/16"" MAX LAND",.06,,
KB451,KB451,UNBALANCED DOUBLE BEVEL,45,22.5,"0-1/16"" MAX LAND",.06,,
KB452,KB452,UNBALANCED DOUBLE BEVEL,22.5,45,"0-1/16"" MAX LAND",.06,,
KB453,KB453,UNBALANCED DOUBLE BEVEL,20,70,"0-1/16"" MAX LAND",.06,,
KB454,KB454,UNBALANCED DOUBLE BEVEL,22.5,22.5,"0 1/16""",.06,VOID,KB320
KB455,KB455,UNBALANCED DOUBLE BEVEL,40,64,,,,
KB456,KB456,UNBALANCED DOUBLE BEVEL,24.5,53.0,"0-1/16"" MAX LAND",.06,,
KB457,KB457,UNBALANCED DOUBLE BEVEL,53.0,24.5,"0-1/16"" MAX LAND",.06,,
KB458,KB458,UNBALANCED DOUBLE BEVEL,64.5,39.5,,,,
KB459,KB459,UNBALANCED DOUBLE BEVEL,39.5,64.5,,,,
KB460,KB460,UNBALANCED DOUBLE BEVEL,45,22.5,"0-1/16"" MAX LAND",.06,,
KB461,KB461,UNBALANCED DOUBLE BEVEL,22.5,45,"0-1/16"" MAX LAND",.06,,
KB462,KB462,UNBALANCED DOUBLE BEVEL,65,39,,,,
KB463,KB463,UNBALANCED DOUBLE BEVEL,39,65,,,,
KB464,KB464,UNBALANCED DOUBLE BEVEL,57.5,46.5,,,,
KB465,KB465,UNBALANCED DOUBLE BEVEL,46.5,57.5,,,,
KB466,KB466,UNBALANCED DOUBLE BEVEL,35,25,"0-1/16"" MAX LAND",.06,,
KB467,KB467,UNBALANCED DOUBLE BEVEL,25,35,"0-1/16"" MAX LAND",.06,,
KB468,KB468,UNBALANCED DOUBLE BEVEL,35,30,,,,
KB469,KB469,UNBALANCED DOUBLE BEVEL,32.5,35,"0-1/16"" MAX LAND",.06,,
KB470,KB470,UNBALANCED DOUBLE BEVEL,30,35,"0 1/4"" LAND",.25,,
KB471,KB471,UNBALANCED DOUBLE BEVEL,52,52,LAND TO SUIT,,,
KB472,KB472,UNBALANCED DOUBLE BEVEL,57,47,,,,
KB473,KB473,UNBALANCED DOUBLE BEVEL,35,32.5,"0-1/16"" MAX LAND",.06,,
KB474,KB474,UNBALANCED DOUBLE BEVEL,22.5,22.5,"0-1/16"" MAX LAND",.06,,
KB475,KB475,UNBALANCED DOUBLE BEVEL,22.5,37.5,"0 1/16"" MAX LAND",.06,,
KB476,KB476,UNBALANCED DOUBLE BEVEL,60,10,"0-1/16"" MAX LAND",.06,,
KB477,KB477,UNBALANCED DOUBLE BEVEL,52,45,LAND TO SUIT,,,
KB478,KB478,UNBALANCED DOUBLE BEVEL,22.5,22.5,"0 1/16"" LAND",.06,,
KB479,KB479,UNBALANCED DOUBLE BEVEL,22.5,22.5,"0 1/16""",.06,,
KB480,KB480,UNBALANCED DOUBLE BEVEL,45,45,TO SUIT,,,
KB481,KB481,UNBALANCED DOUBLE BEVEL,30,20,"0-1/16"" MAX LAND",.06,,
KB482,KB482,UNBALANCED DOUBLE BEVEL,45,45,TO SUIT,,,
KB483,KB483,UNBALANCED DOUBLE BEVEL,45,45,TO SUIT,,,
KB484,KB484,UNBALANCED DOUBLE BEVEL,45,45,TO SUIT,,,
KB485,KB485,UNBALANCED DOUBLE BEVEL,45,45,TO SUIT,,,
KB486,KB486,UNBALANCED DOUBLE BEVEL,45,39,,,,
KB487,KB487,UNBALANCED DOUBLE BEVEL,45,41,,,,
KB488,KB488,UNBALANCED DOUBLE BEVEL,45,37,,,,
KB489,KB489,UNBALANCED DOUBLE BEVEL,45,30,,,,
KB490,KB490,UNBALANCED DOUBLE BEVEL,22.5,22.5,.06 MAX LAND,.06,,
KB491,KB491,UNBALANCED DOUBLE BEVEL,45,30,,,,
KB492,KB492,UNBALANCED DOUBLE BEVEL,45,37,,,,
KB493,KB493,UNBALANCED DOUBLE BEVEL,45,35,,,,
KB494,KB494,UNBALANCED DOUBLE BEVEL,45,40,,,,
KB495,KB495,UNBALANCED DOUBLE BEVEL,45,32,,,,
KB496,KB496,UNBALANCED DOUBLE BEVEL,45,37,,,,
KB497,KB497,UNBALANCED DOUBLE BEVEL,45,39,,,,
KB498,KB498,UNBALANCED DOUBLE BEVEL,45,40,,,,
KB499,KB499,UNBALANCED DOUBLE BEVEL,45,30,,,,
KB500,KB500,STD BEVEL (KB5##) TAPER W/SINGLE BEVEL,,,1/16,.06,,
KB501,KB501,TAPER WITH SINGLE BEVEL,22.5,,"1/16"" MAX LAND",.06,,
KB502,KB502,TAPER WITH SINGLE BEVEL,22.5,,"0-1/16"" MAX LAND",.06,,
KB503,KB503,TAPER WITH SINGLE BEVEL,38,,,,VOID,KB422
KB504,KB504,TAPER WITH SINGLE BEVEL,45,,TO SUIT,,,
KB505,KB505,TAPER WITH SINGLE BEVEL,8,,TO SUIT,,,
KB506,KB506,TAPER WITH SINGLE BEVEL,22.5,,"0 1/16"" MAX LAND",.06,,
KB507,KB507,TAPER WITH SINGLE BEVEL,22.5,,"0 1/16"" MAX LAND",.06,VOID,KB501
KB508,KB508,TAPER WITH SINGLE BEVEL,52.0,52.0,"0 1/4"" LAND",.25,,
KB509,KB509,TAPER WITH SINGLE BEVEL,22.5,,"0 1/16"" MAX LAND",.06,,
KB510,KB510,TAPER WITH SINGLE BEVEL,22.5,,"0 1/16"" MAX LAND",.06,,
KB511,KB511,TAPER WITH SINGLE BEVEL,22.5,,"0 1/16"" MAX LAND",.06,,
KB512,KB512,TAPER WITH SINGLE BEVEL,45,,"0 1/16"" MAX LAND",.06,,
KB513,KB513,TAPER WITH SINGLE BEVEL,22.5,,"0 1/16"" MAX LAND",.06,,
KB514,KB514,TAPER WITH SINGLE BEVEL,22.5,,,,,
KB515,KB515,TAPER WITH SINGLE BEVEL,22.5,,"0 1/16"" MAX LAND",.06,,
KB516,KB516,TAPER WITH SINGLE BEVEL,22.5,,,,,
KB517,KB517,TAPER WITH SINGLE BEVEL,22.5,,,,,
KB518,KB518,TAPER WITH SINGLE BEVEL,22.5,,,,,
KB519,KB519,TAPER WITH SINGLE BEVEL,22.5,,"0 1/16"" MAX LAND",.06,,
KB520,KB520,TAPER WITH SINGLE BEVEL,22.5,,"0 1/16"" MAX",.06,,
KB521,KB521,TAPER WITH SINGLE BEVEL,30,,"0 1/4"" LAND",.25,,
KB522,KB522,TAPER WITH SINGLE BEVEL,50,,"0 1/4"" LAND",.25,,
KB523,KB523,TAPER WITH SINGLE BEVEL,30,,"0 1/4"" LAND",.25,,
KB524,KB524,TAPER WITH SINGLE BEVEL,22.5,,,,,
KB525,KB525,TAPER WITH SINGLE BEVEL,30,,"0 1/4"" LAND",.25,,
KB526,KB526,TAPER WITH SINGLE BEVEL,30,,"0 1/4"" LAND",.25,,
KB527,KB527,TAPER WITH SINGLE BEVEL,22.5,,"0 1/16"" MAX LAND",.06,,
KB528,KB528,TAPER WITH SINGLE BEVEL,22.5,,,,,
KB529,KB529,TAPER WITH SINGLE BEVEL,30,,"0 5/16"" LAND",.31,,
KB530,KB530,TAPER WITH SINGLE BEVEL,22.5,,,,,
KB531,KB531,TAPER WITH SINGLE BEVEL,22.5,,,,,
KB532,KB532,TAPER WITH SINGLE BEVEL,30,,"0 1/4"" LAND",.25,,
KB533,KB533,TAPER WITH SINGLE BEVEL,45,,"0 1/16"" MAX LAND",.06,,
KB534,KB534,TAPER WITH SINGLE BEVEL,22.5,,"0 1/16"" MAX",.06,,
KB535,KB535,TAPER WITH SINGLE BEVEL,22.5,,"0 1/16"" MAX",.06,,
KB536,KB536,TAPER WITH SINGLE BEVEL,22.5,,,,,
KB537,KB537,TAPER WITH SINGLE BEVEL,22.5,,"0 1/16"" MAX LAND",.06,VOID,KB506
KB538,KB538,TAPER WITH SINGLE BEVEL,22.5,,"0 1/16"" MAX LAND",.06,VOID,KB305
KB539,KB539,TAPER WITH SINGLE BEVEL,22.5,,"0 1/16"" MAX LAND",.06,VOID,KB588
KB540,KB540,TAPER WITH SINGLE BEVEL,45,,"0 1/16"" MAX LAND",.06,,
KB541,KB541,TAPER WITH SINGLE BEVEL,22.5,,"0 1/16"" MAX LAND",.06,,
KB542,KB542,TAPER WITH SINGLE BEVEL,22.5,,"0 1/16"" MAX LAND",.06,,
KB543,KB543,TAPER WITH SINGLE BEVEL,22.5,,,,,
KB544,KB544,TAPER WITH SINGLE BEVEL,45,,,,,
KB545,KB545,TAPER WITH SINGLE BEVEL,30,,,,,
KB546,KB546,TAPER WITH SINGLE BEVEL,22.5,,"0 1/16"" MAX LAND",.06,VOID,KB501
KB547,KB547,TAPER WITH SINGLE BEVEL,30,,"0 1/4"" LAND",.25,,
KB548,KB548,TAPER WITH SINGLE BEVEL,30,,"0 1/4"" LAND",.25,,
KB549,KB549,TAPER WITH SINGLE BEVEL,30,,"0 1/4"" LAND",.25,,
KB550,KB550,TAPER WITH SINGLE BEVEL,22.5,,,,,
KB551,KB551,TAPER WITH SINGLE BEVEL,45,,,,,
KB552,KB552,TAPER WITH SINGLE BEVEL,30,,"0 1/16"" MAX LAND",.06,,
KB553,KB553,TAPER WITH SINGLE BEVEL,22.5,,"0 1/16"" MAX LAND",.06,,
KB554,KB554,TAPER WITH SINGLE BEVEL,22.5,,"0 1/16"" MAX LAND",.06,,
KB555,KB555,TAPER WITH SINGLE BEVEL,22.5,,"0 1/16"" MAX LAND",.06,,
KB556,KB556,TAPER WITH SINGLE BEVEL,22.5,,"0 1/16"" MAX LAND",.06,,
KB557,KB557,TAPER WITH SINGLE BEVEL,22.5,,"0 1/16"" MAX",.06,,
KB558,KB558,TAPER WITH SINGLE BEVEL,48,,,,VOID,KB472
KB559,KB559,TAPER WITH SINGLE BEVEL,22.5,,"0 1/16"" MAX LAND",.06,,
KB560,KB560,TAPER WITH SINGLE BEVEL,22.5,,"0 1/16"" MAX LAND",.06,,
KB561,KB561,TAPER WITH SINGLE BEVEL,30,,"0 1/4"" LAND",.25,,
KB562,KB562,TAPER WITH SINGLE BEVEL,30,,"0 3/8"" LAND",.38,,
KB563,KB563,TAPER WITH SINGLE BEVEL,45,,"0 1/16"" MAX LAND",.06,,
KB564,KB564,TAPER WITH SINGLE BEVEL,45,,"0 1/16"" MAX LAND",.06,,
KB565,KB565,TAPER WITH SINGLE BEVEL,45,,"0 1/16"" MAX LAND",.06,,
KB566,KB566,TAPER WITH SINGLE BEVEL,45,,,,,
KB567,KB567,TAPER WITH SINGLE BEVEL,22.5,,,,,
KB568,KB568,TAPER WITH SINGLE BEVEL,22.5,,"0 1/16"" MAX",.06,,
KB569,KB569,TAPER WITH SINGLE BEVEL,22.5,,,,,
KB570,KB570,TAPER WITH SINGLE BEVEL,45,,"0 1/16"" MAX",.06,,
KB571,KB571,TAPER WITH SINGLE BEVEL,45,,"0 1/16"" MAX LAND",.06,,
KB572,KB572,TAPER WITH SINGLE BEVEL,22.5,,,,,
KB573,KB573,TAPER WITH SINGLE BEVEL,22.5,,,,,
KB574,KB574,TAPER WITH SINGLE BEVEL,22.5,,,,,
KB575,KB575,TAPER WITH SINGLE BEVEL,22.5,,"0 1/16"" MAX LAND",.06,,
KB576,KB576,TAPER WITH SINGLE BEVEL,22.5,,"0 1/16"" MAX LAND",.06,,
KB577,KB577,TAPER WITH SINGLE BEVEL,22.5,,"0 1/16"" MAX LAND",.06,,
KB578,KB578,TAPER WITH SINGLE BEVEL,22.5,,"0 1/16"" MAX LAND",.06,,
KB579,KB579,TAPER WITH SINGLE BEVEL,22.5,,"0 1/16"" MAX LAND",.06,,
KB580,KB580,TAPER WITH SINGLE BEVEL,22.5,,"0 1/16"" MAX LAND",.06,,
KB581,KB581,TAPER WITH SINGLE BEVEL,22.5,,"0 1/16"" MAX LAND",.06,,
KB582,KB582,TAPER WITH SINGLE BEVEL,22.5,,"0 1/16"" MAX LAND",.06,VOID,KB579
KB583,KB583,TAPER WITH SINGLE BEVEL,45,,"0 1/16"" MAX LAND",.06,,
KB584,KB584,TAPER WITH SINGLE BEVEL,22.5,,"0 1/16"" MAX LAND",.06,,
KB585,KB585,TAPER WITH SINGLE BEVEL,22.5,,"0 1/16"" MAX",.06,,
KB586,KB586,TAPER WITH SINGLE BEVEL,22.5,,"0 1/4"" LAND",.25,,
KB587,KB587,TAPER WITH SINGLE BEVEL,35.0,,"0 1/16"" MAX LAND",.06,,
KB588,KB588,TAPER WITH SINGLE BEVEL,22.5,,"0 1/16"" MAX LAND",.06,,
KB589,KB589,TAPER WITH SINGLE BEVEL,22.5,,,,,
KB590,KB590,TAPER WITH SINGLE BEVEL,35,,"0 1/16"" MAX",.06,,
KB591,KB591,TAPER WITH SINGLE BEVEL,22.5,,,,,
KB592,KB592,TAPER WITH SINGLE BEVEL,10,,,,,
KB593,KB593,TAPER WITH SINGLE BEVEL,22.5,,.06 MAX LAND,.06,,
KB594,KB594,TAPER WITH SINGLE BEVEL,22.5,,"0 1/16"" MAX LAND",.06,,
KB595,KB595,TAPER WITH SINGLE BEVEL,22.5,,.06 MAX LAND,.06,,
KB596,KB596,TAPER WITH SINGLE BEVEL,22.5,,"0 1/16"" MAX LAND",.06,,
KB598,KB598,TAPER WITH SINGLE BEVEL,30,,"0 1/16"" MAX LAND",.06,,
KB599,KB599,TAPER WITH SINGLE BEVEL,15,,,,,
KB600,KB600,TAPER WITH DOUBLE BEVEL,22.5,22.5,,,,
KB601,KB601,TAPER WITH DOUBLE BEVEL,22.5,22.5,,,,
KB602,KB602,TAPER WITH DOUBLE BEVEL,22.5,22.5,,,,
KB603,KB603,TAPER WITH DOUBLE BEVEL,22.5,22.5,,,,
KB604,KB604,TAPER WITH DOUBLE BEVEL,22.5,22.5,,,,
KB605,KB605,TAPER WITH DOUBLE BEVEL,22.5,22.5,,,,
KB606,KB606,TAPER WITH DOUBLE BEVEL,22.5,22.5,,,,
KB607,KB607,TAPER WITH DOUBLE BEVEL,22.5,22.5,,,,
KB608,KB608,TAPER WITH DOUBLE BEVEL,22.5,22.5,,,,
KB609,KB609,TAPER WITH DOUBLE BEVEL,22.5,22.5,,,,
KB610,KB610,TAPER WITH DOUBLE BEVEL,22.5,22.5,,,,
KB611,KB611,TAPER WITH DOUBLE BEVEL,32.5,45.0,,,,
KB612,KB612,TAPER WITH DOUBLE BEVEL,22.5,22.5,,,,
KB613,KB613,TAPER WITH DOUBLE BEVEL,22.5,22.5,,,,
KB614,KB614,TAPER WITH DOUBLE BEVEL,22.5,22.5,,,,
KB615,KB615,TAPER WITH DOUBLE BEVEL,17,35,,,,
KB616,KB616,TAPER WITH DOUBLE BEVEL,35,17,,,,
KB617,KB617,TAPER WITH DOUBLE BEVEL,22,35,,,,
KB618,KB618,TAPER WITH DOUBLE BEVEL,35,22,,,,
KB619,KB619,TAPER WITH DOUBLE BEVEL,22.5,22.5,,,,
KB620,KB620,TAPER WITH DOUBLE BEVEL,22.5,22.5,,,,
KB621,KB621,TAPER WITH DOUBLE BEVEL,22.5,22.5,,,,
KB622,KB622,TAPER WITH DOUBLE BEVEL,22.5,22.5,,,,
KB623,KB623,TAPER WITH DOUBLE BEVEL,45,45,,,,
KB624,KB624,TAPER WITH DOUBLE BEVEL,22.5,22.5,,,,
KB625,KB625,TAPER WITH DOUBLE BEVEL,22.5,22.5,,,,
KB626,KB626,TAPER WITH DOUBLE BEVEL,22.5,22.5,,,,
KB627,KB627,TAPER WITH DOUBLE BEVEL,22.5,30,,,,
KB628,KB628,TAPER WITH DOUBLE BEVEL,30,22.5,,,,
KB629,KB629,TAPER WITH DOUBLE BEVEL,45,45,,,,
KB630,KB630,TAPER WITH DOUBLE BEVEL,45,45,,,,
KB631,KB631,TAPER WITH DOUBLE BEVEL,22.5,22.5,,,,
KB632,KB632,TAPER WITH DOUBLE BEVEL,22.5,22.5,,,,
KB633,KB633,TAPER WITH DOUBLE BEVEL,22.5,22.5,,,,
KB634,KB634,TAPER WITH DOUBLE BEVEL,22.5,22.5,,,,
KB635,KB635,TAPER WITH DOUBLE BEVEL,22.5,22.5,,,,
KB636,KB636,TAPER WITH DOUBLE BEVEL,45,45,,,,
KB637,KB637,TAPER WITH DOUBLE BEVEL,45,45,,,,
KB638,KB638,TAPER WITH DOUBLE BEVEL,45,45,,,,
KB639,KB639,TAPER WITH DOUBLE BEVEL,45,45,,,,
KB640,KB640,TAPER WITH DOUBLE BEVEL,45,45,,,,
KB641,KB641,TAPER WITH DOUBLE BEVEL,45,45,,,,
KB642,KB642,TAPER WITH DOUBLE BEVEL,45,45,,,,
KB643,KB643,TAPER WITH DOUBLE BEVEL,45,45,,,,
KB644,KB644,TAPER WITH DOUBLE BEVEL,45,45,,,,
KB645,KB645,TAPER WITH DOUBLE BEVEL,45,45,,,,
KB646,KB646,TAPER WITH DOUBLE BEVEL,45,45,,,,
KB647,KB647,TAPER WITH DOUBLE BEVEL,45,45,,,,
KB648,KB648,TAPER WITH DOUBLE BEVEL,45,45,,,,
KB649,KB649,TAPER WITH DOUBLE BEVEL,45,45,,,,
KB650,KB650,TAPER WITH DOUBLE BEVEL,22.5,22.5,,,,
KB651,KB651,TAPER WITH DOUBLE BEVEL,45,45,,,,
KB652,KB652,TAPER WITH DOUBLE BEVEL,22.5,22.5,,,,
KB653,KB653,TAPER WITH DOUBLE BEVEL,22.5,22.5,,,,
KB654,KB654,TAPER WITH DOUBLE BEVEL,22.5,35.0,,,,
KB655,KB655,TAPER WITH DOUBLE BEVEL,22.5,22.5,,,,
KB656,KB656,TAPER WITH DOUBLE BEVEL,45,45,,,,
KB657,KB657,TAPER WITH DOUBLE BEVEL,22.5,22.5,,,,
KB658,KB658,TAPER WITH DOUBLE BEVEL,22.5,22.5,,,,
KB659,KB659,TAPER WITH DOUBLE BEVEL,22.5,22.5,,,,
KB660,KB660,TAPER WITH DOUBLE BEVEL,22.5,22.5,,,,
KB661,KB661,TAPER WITH DOUBLE BEVEL,22.5,22.5,,,,
KB662,KB662,TAPER WITH DOUBLE BEVEL,22.5,22.5,,,,
KB663,KB663,TAPER WITH DOUBLE BEVEL,22.5,22.5,,,,
KB664,KB664,TAPER WITH DOUBLE BEVEL,22.5,22.5,,,,
KB665,KB665,TAPER WITH DOUBLE BEVEL,22.5,22.5,,,,
KB666,KB666,TAPER WITH DOUBLE BEVEL,22.5,22.5,,,,
KB667,KB667,TAPER WITH DOUBLE BEVEL,22.5,22.5,,,,
KB668,KB668,TAPER WITH DOUBLE BEVEL,22.5,22.5,,,,
KB669,KB669,TAPER WITH DOUBLE BEVEL,22.5,22.5,,,,
KB670,KB670,TAPER WITH DOUBLE BEVEL,22.5,22.5,,,,
KB671,KB671,TAPER WITH DOUBLE BEVEL,22.5,22.5,,,,
KB672,KB672,TAPER WITH DOUBLE BEVEL,22.5,22.5,,,,
KB673,KB673,TAPER WITH DOUBLE BEVEL,22.5,22.5,,,,
KB674,KB674,TAPER WITH DOUBLE BEVEL,22.5,22.5,,,,
KB675,KB675,TAPER WITH DOUBLE BEVEL,22.5,22.5,,,,
KB676,KB676,TAPER WITH DOUBLE BEVEL,22.5,22.5,,,,
KB677,KB677,TAPER WITH DOUBLE BEVEL,22.5,22.5,,,,
KB678,KB678,TAPER WITH DOUBLE BEVEL,22.5,22.5,,,,
KB679,KB679,TAPER WITH DOUBLE BEVEL,22.5,22.5,,,,
KB680,KB680,TAPER WITH DOUBLE BEVEL,22.5,22.5,,,,
KB681,KB681,TAPER WITH DOUBLE BEVEL,22.5,22.5,,,,
KB682,KB682,TAPER WITH DOUBLE BEVEL,22.5,22.5,,,,
KB683,KB683,TAPER WITH DOUBLE BEVEL,22.5,22.5,,,,
KB684,KB684,TAPER WITH DOUBLE BEVEL,22.5,22.5,,,,
KB685,KB685,TAPER WITH DOUBLE BEVEL,22.5,22.5,,,,
KB686,KB686,TAPER WITH DOUBLE BEVEL,22.5,22.5,,,,
KB687,KB687,TAPER WITH DOUBLE BEVEL,22.5,22.5,,,,
KB688,KB688,TAPER WITH DOUBLE BEVEL,22.5,22.5,,,,
KB689,KB689,TAPER WITH DOUBLE BEVEL,22.5,22.5,,,,
KB690,KB690,TAPER WITH DOUBLE BEVEL,12.5,40.0,,,,
KB691,KB691,TAPER WITH DOUBLE BEVEL,20,32,,,,
KB692,KB692,TAPER WITH DOUBLE BEVEL,31,22,,,,
KB693,KB693,TAPER WITH DOUBLE BEVEL,22.5,22.5,,,,
KB694,KB694,TAPER WITH DOUBLE BEVEL,22.5,22.5,,,,
KB695,KB695,TAPER WITH DOUBLE BEVEL,22.5,22.5,,,,
KB696,KB696,TAPER WITH DOUBLE BEVEL,30,30,,,,
KB697,KB697,TAPER WITH DOUBLE BEVEL,30,30,,,,
KB698,KB698,TAPER WITH DOUBLE BEVEL,22.5,22.5,,,,
KB699,KB699,TAPER WITH DOUBLE BEVEL,22.5,22.5,,,,
KB700,KB700,TAPER ONLY,,,,,VOID,KB211
KB701,KB701,TAPER ONLY,,,,,VOID,KB132
KB702,KB702,TAPER ONLY,,,,,,
KB703,KB703,TAPER ONLY,,,,,,
KB704,KB704,TAPER ONLY,,,,,VOID,KB159
KB705,KB705,TAPER ONLY,,,,,,
KB706,KB706,TAPER ONLY,,,,,VOID,KB356
KB707,KB707,TAPER ONLY,,,,,,
KB708,KB708,TAPER ONLY,,,,,,
KB709,KB709,TAPER ONLY,,,,,VOID,KB140
KB710,KB710,TAPER ONLY,,,,,,
KB711,KB711,TAPER ONLY,,,,,,
KB712,KB712,TAPER ONLY,,,,,,
KB713,KB713,TAPER ONLY,,,,,,
KB714,KB714,TAPER ONLY,,,,,VOID,CALL DEPT 931 X2322
KB715,KB715,TAPER ONLY,,,,,,
KB716,KB716,TAPER ONLY,,,,,,
KB717,KB717,TAPER ONLY,,,,,,
KB718,KB718,TAPER ONLY,,,,,,
KB719,KB719,TAPER ONLY,,,,,,
KB720,KB720,TAPER ONLY,,,,,,
KB721,KB721,TAPER ONLY,,,,,,
KB722,KB722,TAPER ONLY,,,,,,
KB723,KB723,TAPER ONLY,,,,,,
KB724,KB724,TAPER ONLY,,,,,,
KB725,KB725,TAPER ONLY,,,,,,
KB726,KB726,TAPER ONLY,,,,,,
KB727,KB727,TAPER ONLY,,,,,,
KB728,KB728,TAPER ONLY,,,,,,
KB729,KB729,TAPER ONLY,,,,,,
KB730,KB730,TAPER ONLY,,,,,,
KB731,KB731,TAPER ONLY,,,,,,
KB732,KB732,TAPER ONLY,,,,,,
KB733,KB733,TAPER ONLY,,,,,,
KB734,KB734,TAPER ONLY,,,,,,
KB735,KB735,TAPER ONLY,,,,,,
KB737,KB737,TAPER ONLY,,,,,,
KB738,KB738,TAPER WITH DOUBLE BEVEL,,,,,,
KB739,KB739,TAPER WITH DOUBLE BEVEL,22.5,22.5,,,,
KB740,KB740,TAPER WITH DOUBLE BEVEL,22.5,22.5,.06 MAX LD,.06,,
KB744,KB744,TAPER WITH DOUBLE BEVEL,22.5,22.5,.06 MAX LAND,.06,,
KB745,KB745,TAPER WITH DOUBLE BEVEL,22.5,22.5,.06 MAX LD,.06,,
KB746,KB746,TAPER WITH DOUBLE BEVEL,22.5,22.5,LD 1/16,.06,,
KB747,KB747,TAPER WITH DOUBLE BEVEL,22.5,22.5,LD 1/16,.06,,
KB748,KB748,TAPER WITH DOUBLE BEVEL,22.5,22.5,LD 1/16,.06,,
KB749,KB749,STD,37,53,"1/16"" MAX",.06,,
KB750,KB750,WEB BEVEL,53,37,"0 1/16"" MAX LAND",.06,,
KB751,KB751,UNBALANCED DOUBLE BEVEL,52,45,,,,
KB752,KB752,UNBALANCED DOUBLE BEVEL,30,23,,,,
KB753,KB753,UNBALANCED DOUBLE BEVEL,30,23,,,,
KB754,KB754,UNBALANCED DOUBLE BEVEL,52,45,,,,
KB755,KB755,TAPER WITH DOUBLE BEVEL,22.5,22.5,.06 MAX LAND,.06,,
KB756,KB756,TAPER WITH DOUBLE BEVEL,22.5,22.5,.06 MAX LAND,.06,,
KB757,KB757,TAPER WITH DOUBLE BEVEL,22.5,22.5,.06 MAX LAND,.06,,
KB758,KB758,TAPER ONLY,,,,,,
KB759,KB759,TAPER ONLY,,,,,,
KB760,KB760,UNBALANCED DOUBLE BEVEL,37,53,"0 1/16"" MAX LAND",.06,,
KB761,KB761,TAPER ONLY,,,,,,
KB762,KB762,TAPER WITH DOUBLE BEVEL,22.5,22.5,.06,.06,,
KB763,KB763,TAPER ONLY,,,,,,
KB764,KB764,TAPER ONLY,,,,,,
KB765,KB765,TAPER ONLY,,,,,,
KB766,KB766,TAPER WITH DOUBLE BEVEL,22.5,22.5,.06 MAX LAND,.06,,
KB767,KB767,TAPER WITH DOUBLE BEVEL,22.5,22.5,.06 MAX LD,.06,,
KB800,KB800,UNBALANCED DOUBLE BEVEL,52.0,52.0,"0 1/16"" MAX LAND",.06,,
KB1400,KB1400,UNBALANCED DOUBLE BEVEL,45,37,,,,
KB1401,KB1401,UNBALANCED DOUBLE BEVEL,45,39,,,,
KB1402,KB1402,UNBALANCED DOUBLE BEVEL,45,40,,,,
KB1403,KB1403,UNBALANCED DOUBLE BEVEL,45,34,,,,
KB1404,KB1404,UNBALANCED DOUBLE BEVEL,45,37,,,,
KB1405,KB1405,UNBALANCED DOUBLE BEVEL,45,45,,,,
KB1406,KB1406,UNBALANCED DOUBLE BEVEL,45,39,,,,
KB1407,KB1407,UNBALANCED DOUBLE BEVEL,45,41,TO SUIT,,,
KB1408,KB1408,UNBALANCED DOUBLE BEVEL,45,41,TO SUIT,,,
KB1409,KB1409,UNBALANCED DOUBLE BEVEL,45,33,TO SUIT,,,
KB1410,KB1410,UNBALANCED DOUBLE BEVEL,45,34,TO SUIT,,,
KB1411,KB1411,UNBALANCED DOUBLE BEVEL,45,30,TO SUIT,,,
KB1412,KB1412,UNBALANCED DOUBLE BEVEL,52,52,"0 1/16"" MAX LAND",.06,,
KB1413,KB1413,UNBALANCED DOUBLE BEVEL,52,52,"0 1/16"" MAX LAND",.06,,
KB1414,KB1414,UNBALANCED DOUBLE BEVEL,41,49,"0 1/16"" MAX LAND",.06,,
KB1415,KB1415,UNBALANCED DOUBLE BEVEL,49,41,"0 1/16"" MAX LAND",.06,,
KB1416,KB1416,UNBALANCED DOUBLE BEVEL,40,56,"0"" LAND",,,
KB1417,KB1417,UNBALANCED DOUBLE BEVEL,26,50,"0"" LAND",,,
KB1418,KB1418,UNBALANCED DOUBLE BEVEL,14,40,"0 1/16"" MAX LAND",.06,,
KB1419,KB1419,UNBALANCED DOUBLE BEVEL,40,14,"0 1/16"" MAX LAND",.06,,
KB1420,KB1420,UNBALANCED DOUBLE BEVEL,41,58,"0 1/16"" MAX LAND",.06,,
KB1421,KB1421,UNBALANCED DOUBLE BEVEL,58,41,"0 1/16"" MAX LAND",.06,,
KB1422,KB1422,UNBALANCED DOUBLE BEVEL,50,45,"0.06"" MAX LAND",0.06,,
KB1423,KB1423,UNBALANCED DOUBLE BEVEL,45,50,"0.06"" MAX LAND",0.06,,
KB1424,KB1424,UNBALANCED DOUBLE BEVEL,52,42,"0.06"" MAX LAND",0.06,,
KB1425,KB1425,UNBALANCED DOUBLE BEVEL,55,39,"0.06"" MAX LAND",0.06,,
KB1426,KB1426,UNBALANCED DOUBLE BEVEL,39,55,"0.06"" MAX LAND",0.06,,
KB1427,KB1427,UNBALANCED DOUBLE BEVEL,58,32,"0.06"" MAX LAND",0.06,,
KB1428,KB1428,UNBALANCED DOUBLE BEVEL,45,37.5,,,,
KB1429,KB1429,UNBALANCED DOUBLE BEVEL,32,58,"0.06"" MAX LAND",0.06,,
KB1430,KB1430,UNBALANCED DOUBLE BEVEL,24,67,"0.06"" MAX LAND",0.06,,
KB1431,KB1431,UNBALANCED DOUBLE BEVEL,40,50,"0.06"" MAX LAND",0.06,,
KB1432,KB1432,UNBALANCED DOUBLE BEVEL,50,40,"0.06"" MAX LAND",0.06,,
KB1433,KB1433,DOUBLE BEVEL,22.5,22.5,"0 1/16"" MAX LAND",.06,,
KB1434,KB1434,UNBALANCED DOUBLE BEVEL,22.5,70,"0 1/16"" MAX LAND",.06,,
KB1435,KB1435,UNBALANCED DOUBLE BEVEL,45,15,"0 1/16"" MAX LAND",.06,,
KB1436,KB1436,UNBALANCED DOUBLE BEVEL,30,30,"0 1/16"" MAX LAND",.06,,
KB1437,KB1437,UNBALANCED DOUBLE BEVEL,35.5,24.5,"0 1/16"" MAX LAND",.06,,
KB1438,KB1438,UNBALANCED DOUBLE BEVEL,27,34,"0 1/16"" MAX LAND",.06,,
KB1439,KB1439,DOUBLE BEVEL,22.5,22.5,"0 1/16"" MAX LAND",.06,,
KB1440,KB1440,UNBALANCED DOUBLE BEVEL,65.0,25.0,"0 1/16"" MAX LAND",.06,,
KB1441,KB1441,UNBALANCED DOUBLE BEVEL,31.0,45.0,"0 1/16"" MAX LAND",.06,,
KB1442,KB1442,UNBALANCED DOUBLE BEVEL,10.0,50,,,,
KB1443,KB1443,UNBALANCED DOUBLE BEVEL,10.0,40,,,,
KB1444,KB1444,UNBALANCED DOUBLE BEVEL,41,63,"0 1/16"" MAX LAND",.06,,
KB1445,KB1445,UNBALANCED DOUBLE BEVEL,47,57,"0 1/16"" MAX LAND",.06,,
KB1446,KB1446,UNBALANCED DOUBLE BEVEL,70,20,"0 1/16"" MAX LAND",.06,,
KB1447,KB1447,UNBALANCED DOUBLE,18,72,"1/16"" MAX",.06,,
KB1448,KB1448,UNBALANCED DOUBLE BEVEL,40.4,48.2,,,,
KB1449,KB1449,UNBALANCED DOUBLE BEVEL,35.0,48.0,,,,
KB1450,KB1450,UNBALANCED DOUBLE BEVEL,45,45,,,,
KB1451,KB1451,UNBALANCED DOUBLE BEVEL,5,45,"0 1/16"" MAX LAND",.06,,
KB1452,KB1452,UNBALANCED DOUBLE BEVEL,54,36,"0 1/16"" MAX LAND",.06,,
KB1453,KB1453,UNBALANCED DOUBLE BEVEL,17,35,,,,
KB1454,KB1454,UNBALANCED DOUBLE BEVEL,23,40,,,,
KB1455,KB1455,UNBALANCED DOUBLE BEVEL,41,63,,,,
KB1456,KB1456,UNBALANCED DOUBLE BEVEL,37,67,,,,
KB1457,KB1457,UNBALANCED DOUBLE BEVEL,63,41,,,,
KB1458,KB1458,UNBALANCED DOUBLE BEVEL,67,37,,,,
KB1459,KB1459,UNBALANCED DOUBLE BEVEL,30,74,,,,
KB1460,KB1460,UNBALANCED DOUBLE BEVEL,74,30,,,,
KB1461,KB1461,UNBALANCED DOUBLE BEVEL,37,67,,,,
KB1462,KB1462,UNBALANCED DOUBLE BEVEL,67,37,,,,
KB1463,KB1463,UNBALANCED DOUBLE BEVEL,63.3,26.7,"0 1/16"" MAX LAND",.06,,
KB1464,KB1464,UNBALANCED DOUBLE BEVEL,26.7,63.3,"0 1/16"" MAX LAND",.06,,
KB1500,KB1500,TAPER WITH SINGLE BEVEL,22.5,,,,,
KB1501,KB1501,TAPER WITH SINGLE BEVEL,30,,"0-.13"" LAND",.13,,
KB1502,KB1502,TAPER WITH SINGLE BEVEL,45,,"0 1/16"" MAX LAND",.06,,
KB1503,KB1503,TAPER WITH SINGLE BEVEL,22.5,,"0 1/16"" MAX LAND",.06,,
KB1504,KB1504,TAPER WITH SINGLE BEVEL,22.5,,,,,
KB1505,KB1505,TAPER WITH SINGLE BEVEL,45,,"0 1/16"" MAX LAND",.06,,
KB1506,KB1506,TAPER WITH SINGLE BEVEL,45,,"0 1/16"" MAX LAND",.06,,
KB1507,KB1507,TAPER WITH SINGLE BEVEL,22.5,,"0 1/16"" MAX",.06,,
KB1508,KB1508,TAPER WITH SINGLE BEVEL,22.5,,"0 1/16"" MAX LAND",.06,,
KB1600,KB1600,TAPER WITH DOUBLE BEVEL,22.5,22.5,,,,
KB1601,KB1601,TAPER WITH DOUBLE BEVEL,22.5,22.5,,,,
KB1602,KB1602,TAPER WITH DOUBLE BEVEL,22.5,22.5,,,,
KB1603,KB1603,TAPER WITH DOUBLE BEVEL,22.5,22.5,,,,
KB1604,KB1604,TAPER WITH DOUBLE BEVEL,30,30,,,,
KB1605,KB1605,TAPER WITH DOUBLE BEVEL,22.5,22.5,,,,
KB1606,KB1606,TAPER WITH DOUBLE BEVEL,22.5,22.5,,,,
KB1607,KB1607,TAPER WITH DOUBLE BEVEL,35,30,"0 1/4"" LAND",.25,,
KB1608,KB1608,TAPER WITH DOUBLE BEVEL,22.5,22.5,,,,
KB1609,KB1609,TAPER WITH DOUBLE BEVEL,22.5,22.5,,,,
KB1610,KB1610,TAPER WITH DOUBLE BEVEL,22.5,22.5,,,,
KB1611,KB1611,TAPER WITH DOUBLE BEVEL,22.5,22.5,,,,
KB1612,KB1612,TAPER WITH DOUBLE BEVEL,22.5,22.5,,,,
KB1613,KB1613,TAPER WITH DOUBLE BEVEL,22.5,22.5,,,,
KB1614,KB1614,TAPER WITH DOUBLE BEVEL,22.5,22.5,,,,
KB1615,KB1615,TAPER WITH DOUBLE BEVEL,30,30,,,,
KB1616,KB1616,TAPER WITH DOUBLE BEVEL,30,30,,,,
KB1617,KB1617,TAPER WITH DOUBLE BEVEL,22.5,22.5,,,,
KB1618,KB1618,TAPER WITH DOUBLE BEVEL,22.5,22.5,,,,
KB1619,KB1619,TAPER WITH DOUBLE BEVEL,22.5,22.5,,,,
KB1620,KB1620,TAPER WITH DOUBLE BEVEL,22.5,22.5,,,,
KB1621,KB1621,TAPER WITH DOUBLE BEVEL,22.5,22.5,,,,
KB1622,KB1622,TAPER WITH DOUBLE BEVEL,22.5,22.5,,,,
KB1623,KB1623,TAPER WITH DOUBLE BEVEL,22.5,22.5,,,,
KB1624,KB1624,TAPER WITH DOUBLE BEVEL,22.5,22.5,,,,
KB1625,KB1625,TAPER WITH DOUBLE BEVEL,22.5,22.5,,,,
KB1626,KB1626,TAPER WITH DOUBLE BEVEL,22.5,22.5,,,,
KB1627,KB1627,TAPER WITH DOUBLE BEVEL,22.5,22.5,,,,
KB1628,KB1628,TAPER WITH DOUBLE BEVEL,22.5,22.5,,,,
KB1629,KB1629,TAPER WITH DOUBLE BEVEL,22.5,22.5,,,,
KB1630,KB1630,TAPER WITH DOUBLE BEVEL,22.5,22.5,,,,
KB1631,KB1631,TAPER WITH DOUBLE BEVEL,22.5,22.5,,,,
KB1632,KB1632,TAPER WITH DOUBLE BEVEL,22.5,22.5,,,,
KB1633,KB1633,TAPER WITH DOUBLE BEVEL,22.5,22.5,,,,
KB1634,KB1634,TAPER WITH DOUBLE BEVEL,22.5,22.5,,,,
KB1635,KB1635,TAPER WITH DOUBLE BEVEL,22.5,22.5,,,,
KB1636,KB1636,TAPER WITH DOUBLE BEVEL,22.5,22.5,,,,
KB1638,KB1638,TAPER WITH DOUBLE BEVEL,22.5,22.5,,,,
KB1639,KB1639,TAPER WITH DOUBLE BEVEL,22.5,22.5,,,,
KB1640,KB1640,TAPER WITH DOUBLE BEVEL,22.5,22.5,,,,
KB1641,KB1641,TAPER WITH DOUBLE BEVEL,22.5,22.5,,,,
KB1642,KB1642,TAPER WITH DOUBLE BEVEL,45,45,,,,
KB1643,KB1643,TAPER WITH DOUBLE BEVEL,45,45,,,VOID,KB204
KB1644,KB1644,TAPER WITH DOUBLE BEVEL,45,45,LAND TO SUIT,,,
KB1645,KB1645,TAPER WITH DOUBLE BEVEL,45,45,,,,
KB1646,KB1646,TAPER WITH DOUBLE BEVEL,45,45,,,,
KB1647,KB1647,TAPER WITH DOUBLE BEVEL,22.5,22.5,,,,
KB1648,KB1648,TAPER WITH DOUBLE BEVEL,45,45,,,,
KB1649,KB1649,TAPER WITH DOUBLE BEVEL,22.5,22.5,,,,
KB1650,KB1650,TAPER WITH DOUBLE BEVEL,35,55,,,,
KB1651,KB1651,TAPER WITH DOUBLE BEVEL,56,34,,,,
KB1652,KB1652,TAPER WITH DOUBLE BEVEL,22.5,22.5,,,,
KB1653,KB1653,TAPER WITH DOUBLE BEVEL,22.5,22.5,,,,
KB1654,KB1654,TAPER WITH DOUBLE BEVEL,22.5,22.5,,,,
KB1655,KB1655,TAPER WITH DOUBLE BEVEL,22.5,22.5,,,,
KB1656,KB1656,TAPER WITH DOUBLE BEVEL,22.5,22.5,,,,
KB1657,KB1657,TAPER WITH DOUBLE BEVEL,22.5,22.5,.06 MAX,.06,,
KB1658,KB1658,TAPER WITH DOUBLE BEVEL,32.5 TYP,32.5 TYP,.06 MAX LAND,.06,,
KB1659,KB1659,TAPER WITH DOUBLE BEVEL,22.5,22.5,,,,
KB1660,KB1660,TAPER WITH DOUBLE BEVEL,22.5,22.5,,,,
KB1661,KB1661,TAPER WITH DOUBLE BEVEL,22.5,22.5,,,,
KB1662,KB1662,TAPER WITH DOUBLE BEVEL,22.5,22.5,,,,
KB1664,KB1664,TAPER WITH DOUBLE BEVEL,22.5,22.5,,,,
KB1665,KB1665,TAPER WITH DOUBLE BEVEL,22.5,22.5,,,,
KB1666,KB1666,TAPER WITH DOUBLE BEVEL,22.5,22.5,.06 MAX LD,.06,,
KB1667,KB1667,BEVEL,22.5 TYP,22.5 TYP,,,,
KB1670,KB1670,TAPER WITH DOUBLE BEVEL,45 TYP,45 TYP,,,,
KB1671,KB1671,TAPER WITH DOUBLE BEVEL,22.5 TYP,22.5 TYP,,,,
KB1672,KB1672,TAPER WITH DOUBLE BEVEL,10,34.5,,,,
KB1673,KB1673,TAPER WITH DOUBLE BEVEL,45,45,,,,
KB1674,KB1674,TAPER WITH DOUBLE BEVEL,22.5,22.5,,,,
KB1675,KB1675,TAPER WITH DOUBLE BEVEL,22.5,22.5,"1/16"" MAX",.06,,
KB1676,KB1676,UNBALANCED DOUBLE BEVEL,60,30,,,,
KB1677,KB1677,UNBALANCED DOUBLE BEVEL,30,60,,,,
KB1678,KB1678,TAPER WITH DOUBLE BEVEL,22.5,22.5,,,,
KB1679,KB1679,TAPER WITH SINGLE BEVEL,32.5,,,,,
KB1680,KB1680,TAPER WITH DOUBLE BEVEL,22.5,22.5,,,,
KB1681,KB1681,TAPER WITH DOUBLE BEVEL,22.5,22.5,,,,
KB1682,KB1682,TAPER WITH DOUBLE BEVEL,45,45,,,,
KB1683,KB1683,TAPER WITH DOUBLE BEVEL,22.5,22.5,,,,
KB1684,KB1684,TAPER WITH DOUBLE BEVEL,22.5,22.5,,,,
KB1685,KB1685,TAPER WITH DOUBLE BEVEL,22.5,22.5,,,,
KB1686,KB1686,TAPER WITH DOUBLE BEVEL,22.5,22.5,,,,
KB1687,KB1687,TAPER WITH DOUBLE BEVEL,22.5,22.5,,,,
KB1689,KB1689,TAPER WITH DOUBLE BEVEL,45 TYP,45 TYP,,,,
KB1690,KB1690,TAPER WITH DOUBLE BEVEL,22.5,22.5,,,,
KB1691,KB1691,TAPER WITH DOUBLE BEVEL,22.5,22.5,,,,
KB1692,KB1692,TAPER WITH DOUBLE BEVEL,22.5 TYP,22.5 TYP,,,,
KB1693,KB1693,TAPER WITH DOUBLE BEVEL,22.5,22.5,,,,
SB405,SB405,SHELL BEVEL,20.0,20.0,"0 1/16"" MAX LAND",.06,,
SB406,SB406,SHELL BEVEL,35.0,35.0,"0 1/16"" MAX LAND",.06,,
SB413,SB413,SHELL BEVEL,25,,"0 1/16"" MAX LAND",.06,,
SB427,SB427,SHELL BEVEL,20.0,20.0,"0 1/16"" MAX LAND",.06,,
SB428,SB428,SHELL BEVEL,35.0,35.0,"0 1/16"" MAX LAND",.06,,
SB431,SB431,SHELL BEVEL / BALANCED DOUBLE BEVEL,22.5,22.5,"0 1/16"" MAX LAND",.06,,
SB508,SB508,SHELL BEVEL,30.0,30.0,"0 1/16"" MAX LAND",.06,,
SB534,SB534,SHELL BEVEL,22.5,22.5,"0 1/16"" MAX LAND",.06,,
SB572,SB572,SHELL BEVEL,25.0,25.0,"0 1/16"" MAX LAND",.06,,
SB573,SB573,SHELL BEVEL,25,25,"0 1/16"" MAX LAND",.06,,
SB586,SB586,SHELL BEVEL,25.0,,,,,
SB587,SB587,SHELL BEVEL,25.0,25.0,"0 1/16"" MAX LAND",.06,,
SB588,SB588,SHELL BEVEL,30.0,30.0,"0 1/16"" MAX LAND",.06,,
SB589,SB589,SHELL BEVEL,35.0,35.0,"0 1/16"" MAX LAND",.06,,
SB590,SB590,SHELL BEVEL,20.0,20.0,"0 1/16"" MAX LAND",.06,,
SB591,SB591,SHELL BEVEL,25.0,25.0,"0 1/16"" MAX LAND",.06,,
SB592,SB592,SHELL BEVEL,25.0,25.0,"0 1/16"" MAX LAND",.06,,
SB593,SB593,SHELL BEVEL,25.0,,,,,
SB594,SB594,SHELL BEVEL,30,30,.06 MAX LAND,.06,,
SB595,SB595,SHELL BEVEL,30.0,30.0,"0 1/16"" MAX LAND",.06,,
SB596,SB596,SHELL BEVEL,30.0,30.0,0 1/16in MAX,.06,,
SB597,SB597,SHELL BEVEL,20,20,0 1/16in MAX,.06,,
SB598,SB598,SHELL BEVEL,22.5,22.5,0 1/16in MAX LAND,.06,,
SB599,SB599,SHELL BEVEL,22.5,22.5,0 1/16in MAX LAND,.06,,
SB600,SB600,SHELL BEVEL,22.5,22.5,1/16in MAX,.06,,
SB601,SB601,SHELL BEVEL,20,20,0 1/16in MAX LAND,.06,,
SB602,SB602,SHELL BEVEL,22.5,22.5,0 1/16in MAX LAND,.06,,
SB603,SB603,SHELL BEVEL,22.5,22.5,0 1/16in MAX LAND,.06,,
SB604,SB604,SHELL BEVEL,22.5,22.5,0 1/16in MAX LAND,.06,,
SB605,SB605,SHELL BEVEL,22.5,22.5,0 1/16in MAX LAND,.06,,
SB606,SB606,SHELL BEVEL,25,25,.06 MAX LAND,.06,,
SB607,SB607,SHELL BEVEL,22.5,22.5,0 1/16in MAX,.06,,
SB608,SB608,SHELL BEVEL,22.5,22.5,,,,
SB609,SB609,SHELL BEVEL,22.5,22.5,,,,
SB610,SB610,SHELL BEVEL,,,,,,
SB611,SB611,SHELL BEVEL,22.5,22.5,0 1/16in MAX LAND,.06,,
SB612,SB612,SHELL BEVEL,22.5,22.5,1/16in MAX,.06,,
SB613,SB613,SHELL BEVEL,20,20,1/16in MAX,.06,,
SB614,SB614,SHELL BEVEL,30.0,30.0,1/16in MAX,.06,,
SB615,SB615,SHELL BEVEL,22.5,22.5,1/16in MAX,.06,,
SB616,SB616,SHELL BEVEL,30,22.5,0 1/16in MAX,.06,,
SB617,SB617,SHELL BEVEL,22.5,12.5,1/16in MAX,.06,,
SB618,SB618,SHELL BEVEL,27.5,37.5,1/16in MAX,.06,,
SB619,SB619,SHELL BEVEL,30,22.5,0 1/16in MAX,.06,,
SB620,SB620,SHELL BEVEL,22.5,12.5,1/16in MAX,.06,,
SB621,SB621,SHELL BEVEL,27.5,37.5,1/16in MAX,.06,,
SB622,SB622,SHELL BEVEL,30,22.5,.06 MAX,.06,,
SB623,SB623,SHELL BEVEL,30,22.5,.06 MAX,.06,,
SB624,SB624,SHELL BEVEL,22.5,22.5,1/16in MAX,.06,,
SB625,SB625,SHELL BEVEL,22.5,12.5,1/16in MAX,.06,,
SB626,SB626,SHELL BEVEL,27.5,37.5,1/16in MAX,.06,,
SB627,SB627,SHELL BEVEL,22.5,12.5,1/16in MAX,.06,,
SB628,SB628,SHELL BEVEL,22.5,22.5,1/16in MAX,.06,,
SB629,SB629,SHELL BEVEL,22.5,22.5,1/16in MAX,.06,,
SB630,SB630,SHELL BEVEL,30,30,.06 MAX,.06,,
SB631,SB631,SHELL BEVEL,20.0,20.0,0 1/16in MAX LAND,.06,,
SB632,SB632,SHELL BEVEL,30,30,0 1/16in MAX LAND,.06,,
SB633,SB633,SHELL BEVEL,25,25,0 1/16in MAX LAND,.06,,
SB634,SB634,SHELL BEVEL,22.5,22.5,0 1/16in MAX LAND,.06,,
SB635,SB635,SHELL BEVEL,22.5,,.06 MAX LAND,.06,,
SB636,SB636,SHELL BEVEL,22.5,22.5,.06 MAX LAND,.06,,
SB637,SB637,SHELL BEVEL,30,30,.06 MAX LAND,.06,,
SB638,SB638,SHELL BEVEL,30,30,.06 MAX LAND,.06,,
SB639,SB639,SHELL BEVEL,30,30,,,,
SB640,SB640,SHELL BEVEL,22.5,22.5,.06 MAX LAND,.06,,
SB641,SB641,SHELL BEVEL,22.5,22.5,.06 MAX,.06,,
SB642,SB642,SHELL BEVEL,22.5,22.5,.06 MAX,.06,,
SB643,SB643,SHELL BEVEL,35,35,,,,
SB644,SB644,SHELL BEVEL,35,35,.06 MAX LAND,.06,,
SB645,SB645,SHELL BEVEL,35,35,.06 MAX LAND,.06,,
SB646,SB646,SHELL BEVEL,30,30,.06 MAX,.06,,
SB647,SB647,SHELL BEVEL,30,30,.06 MAX LAND,.06,,
SB648,SB648,SHELL BEVEL,30,30,.06 MAX LAND,.06,,
SB649,SB649,SHELL BEVEL,30,30,.06 MAX,.06,,
SB650,SB650,SHELL BEVEL,22.5,22.5,,,,
SB651,SB651,SHELL BEVEL,22.5,22.5,,,,
SB652,SB652,SHELL BEVEL,22.5,22.5,,,,
SB653,SB653,SHELL BEVEL,22.5,22.5,,,,
SB654,SB654,SHELL BEVEL,22.5,22.5,,,,
SB655,SB655,SHELL BEVEL,30,30,.06 MAX,.06,,
SB656,SB656,SHELL BEVEL,30,30,.06 MAX,.06,,
SB657,SB657,SHELL BEVEL,30,30,.06 MAX,.06,,
SB658,SB658,SHELL BEVEL,30,30,,,,
SB659,SB659,SHELL BEVEL,30,30,,,,
SB660,SB660,SHELL BEVEL / BALANCED DOUBLE BEVEL,30,30,.06 MAX LAND,.06,,
SB661,SB661,SHELL BEVEL,30,30,,,,
SB662,SB662,SHELL BEVEL,35,35,1/16in MAX LAND,.06,,
SB663,SB663,SHELL BEVEL,30,30,.06 MAX,.06,,
SB675,SB675,O.R.P. SHELL BEVEL,30,30,.06 MAX LAND,.06,,
SB676,SB676,O.R.P. SHELL BEVEL,30,30,.06 MAX LAND,.06,,
SB677,SB677,O.R.P. SHELL BEVEL,30,30,.06 MAX LAND,.06,,
SB678,SB678,O.R.P. SHELL BEVEL,30,30,.06 MAX LAND,.06,,
SB679,SB679,O.R.P. SHELL BEVEL,37.5,22.5,.06 MAX LAND,.06,,
SB680,SB680,SHELL BEVEL,30,30,.06 MAX,.06,,
SB681,SB681,SHELL BEVEL,60 TYP,30 TYP,,,,
SB682,SB682,O.R.P. SHELL BEVEL,30,30,.06 MAX LAND,.06,,
SB683,SB683,SHELL,22.5,22.5,1/16in MAX,.06,,
SB684,SB684,SHELL,22.5,22.5,1/16in MAX,.06,,
SB685,SB685,O.R.P. SHELL BEVEL,22.5,22.5,.06 MAX LAND,.06,,
SB686,SB686,CLB / VA SHELL BEVEL,30,30,.06 MAX LAND,.06,,
SB687,SB687,CLB / VA SHELL BEVEL,30,30,.06 MAX LAND,.06,,
SB688,SB688,O.R.P. SHELL BEVEL,22.5 TYP,22.5 TYP,.06 MAX LAND,.06,,
SB689,SB689,O.R.P. SHELL BEVEL,22.5 TYP,22.5 TYP,.06 MAX LAND,.06,,
SB690,SB690,O.R.P. SHELL BEVEL,22.5 TYP,22.5 TYP,,,,
SB691,SB691,O.R.P. SHELL BEVEL,22.5 TYP,22.5 TYP,,,,
SB692,SB692,O.R.P. SHELL BEVEL,30 TYP,30 TYP,0.06 MAX LAND,0.06,,
SB693,SB693,O.R.P. SHELL BEVEL,30,30,0.06 MAX LAND,0.06,,
SB694,SB694,O.R.P. SHELL BEVEL,30,30,,,,
SB695,SB695,SHELL BEVEL,30,30,0.06 MAX LAND,0.06,,
SB700,SB700,CLB / VA SHELL BEVEL,30,30,0.06 MAX LAND,0.06,,
SB701,SB701,CLB / VA SHELL BEVEL,30,30,0.06 MAX LAND,0.06,,
SB702,SB702,CLB / VA SHELL BEVEL,30,30,0.06 MAX LAND,0.06,,
SB703,SB703,CLB / VA SHELL BEVEL,30,30,0.06 MAX LAND,0.06,,
SB704,SB704,CLB / VA SHELL BEVEL,30,30,0.06 MAX LAND,0.06,,
SB705,SB705,CLB / VA SHELL BEVEL,30,30,0.06 MAX LAND,0.06,,
SB706,SB706,CLB / VA SHELL BEVEL,30,30,0.06 MAX LAND,0.06,,
SB707,SB707,CLB / VA SHELL BEVEL,30,30,0.06 MAX LAND,0.06,,
SB708,SB708,SHELL BEVEL,22.5,27,.06 MIN LAND,.06,,
SB709,SB709,CLB / VA SHELL BEVEL,30 TYP,60 TYP,0.06 MAX LAND,0.06,,
SB710,SB710,CLB / VA SHELL BEVEL,30 TYP,60 TYP,0.06 MAX LAND,0.06,,
SB711,SB711,CLB / VA SHELL BEVEL,20 TYP,55 TYP,0.06 MAX LAND,0.06,,
SB712,SB712,CLB / VA SHELL BEVEL,35,35,0.06 MAX LAND,0.06,,
SB713,SB713,CLB / VA SHELL BEVEL,20,20,0.06 MAX LAND,0.06,,
SB714,SB714,CLB / VA SHELL BEVEL,20 TYP,,0.06 MAX LAND,0.06,,
SB715,SB715,SHELL BEVEL,25.0,22.5,0 1/16in MAX LAND,.06,,
SB716,SB716,SHELL BEVEL,50 / 25,45 / 22.5,0 1/16in MAX LAND,.06,,
SB717,SB717,CLB / VA SHELL BEVEL,30 TYP,30 TYP,0.06 MAX LAND,0.06,,
SB718,SB718,CLB / VA SHELL BEVEL,60 TYP,30 TYP,0.06 MAX LAND,0.06,,
SB719,SB719,CLB / VA SHELL BEVEL,25,22.5,0.06 MAX LAND,0.06,,
SB720,SB720,SHELL BEVEL,,,,,,
SB721,SB721,CLB / VA SHELL BEVEL,30,30,0.06 MAX LAND,0.06,,
SB722,SB722,CLB / VA SHELL BEVEL,30 TYP,20,0.06 MAX LAND,0.06,,
SB723,SB723,CLB / VA SHELL BEVEL,30 TYP,30 TYP,0.06 MAX LAND,0.06,,
SB724,SB724,CLB / VA SHELL BEVEL,30 TYP,30 TYP,0.06 MAX LAND,0.06,,
SB725,SB725,CLB / VA SHELL BEVEL,35,35,0.06 MAX LAND,0.06,,
SB726,SB726,CLB / VA SHELL BEVEL,35,35,0.06 MAX LAND,0.06,,
SB727,SB727,SHELL BEVEL,25,22.5,0 1/16in MAX LAND,.06,,
SB728,SB728,SHELL BEVEL,20 TYP,20 TYP,1/16in MAX LAND,.06,,
SB729,SB729,SHELL BEVEL,20 TYP,20 TYP,1/16in MAX LAND,.06,,
SB730,SB730,CLB / VA SHELL BEVEL,30,30,0.06 MAX LAND,0.06,,
SB731,SB731,O.R.P. SHELL BEVEL,30 TYP,30 TYP,.06 MAX LAND,.06,,
SB732,SB732,O.R.P. SHELL BEVEL,30 TYP,30 TYP,,,,
SB733,SB733,O.R.P. SHELL BEVEL,30 TYP,30 TYP,,,,
SB734,SB734,SHELL BEVEL,30 TYP,30 TYP,,,,
SB735,SB735,SHELL BEVEL,30 TYP,30 TYP,,,,
SB736,SB736,SHELL BEVEL,30 TYP,30 TYP,,,,
SB737,SB737,SHELL BEVEL,30 TYP,30 TYP,,,,
SB738,SB738,SHELL BEVEL,30 TYP,30 TYP,,,,
SB739,SB739,SHELL BEVEL,30.0,30.0,0 1/16in MAX LAND,.06,,
SB741,SB741,SHELL BEVEL,30,30,.06 MAX LAND,.06,,
SB743,SB743,SHELL BEVEL,22.5,22.5,.06 MAX,.06,,
SB744,SB744,SHELL BEVEL,22.5 TYP,22.5 TYP,,,,
SB745,SB745,SHELL BEVEL,22.5 TYP,22.5 TYP,,,,
SB746,SB746,SHELL BEVEL,22.5 TYP,22.5 TYP,,,,
SB747,SB747,CLB / VA SHELL BEVEL,22.5,22.5,0.06 MAX LAND,0.06,,
SB748,SB748,CLB / VA SHELL BEVEL,22.5 TYP,22.5 TYP,0.06 MAX LAND,0.06,,
SB749,SB749,CLB / VA SHELL BEVEL,30,30,0.06 MAX LAND,0.06,,
SB750,SB750,CLB / VA SHELL BEVEL,22.5 TYP,22.5 TYP,0.06 MAX LAND,0.06,,
SB751,SB751,CLB / VA SHELL BEVEL,25,25,0.06 MAX LAND,0.06,,
SB752,SB752,CLB / VA SHELL BEVEL,25,25,0.06 MAX LAND,0.06,,
SB753,SB753,CLB / VA SUB ARC BEVEL,25,25,0.06 MAX LAND,0.06,,
SB754,SB754,CLB / VA SUB ARC BEVEL,25,25,0.06 MAX LAND,0.06,,
SB755,SB755,CLB / VA SHELL BEVEL,22.5 TYP,22.5 TYP,0.06 MAX LAND,0.06,,
SB756,SB756,SHELL BEVEL / BALANCED DOUBLE BEVEL,25,25,.06 MAX LAND,.06,,
SB757,SB757,CLB / VA SHELL BEVEL,25,25,0.06 MAX LAND,0.06,,
SB758,SB758,SHELL BEVEL,25 TYP,25 TYP,.06 MAX LAND,.06,,
SB759,SB759,SHELL BEVEL,22.5 TYP,22.5 TYP,.06 MAX LAND,.06,,
SB760,SB760,CLB / VA SHELL BEVEL,22.5 TYP,22.5 TYP,.06 MAX LAND,.06,,
SB761,SB761,CLB / VA SHELL BEVEL,22.5 TYP,22.5 TYP,.06 MAX LAND,.06,,
SB762,SB762,SHELL BEVEL,22.5 TYP,22.5 TYP,.06 MAX LAND,.06,,
SB763,SB763,SHELL BEVEL,22.5 TYP,22.5 TYP,0-.06 LAND,.06,,
SB764,SB764,SHELL BEVEL,22.5 TYP,22.5 TYP,0-.06 LAND,.06,,
SB765,SB765,SHELL BEVEL,22.5 TYP,22.5 TYP,0-.06 LAND,.06,,
SB766,SB766,SHELL BEVEL,22.5,22.5,0-.06 LAND,.06,,
SB767,SB767,SHELL BEVEL,22.5 TYP,22.5 TYP,0-.06 LAND,.06,,
SB768,SB768,SHELL BEVEL,22.5 TYP,22.5 TYP,.06 MAX LAND,.06,,
SB769,SB769,SHELL BEVEL,22.5 TYP,22.5 TYP,0-.06 LAND,.06,,
SB770,SB770,SHELL BEVEL,22.5 TYP,22.5 TYP,0-.06 LAND,.06,,
SB771,SB771,SHELL BEVEL,22.5,22.5,0-.06 LAND,.06,,
SB772,SB772,CLB / VA SHELL BEVEL,22.5 TYP,22.5 TYP,0.06 MAX LAND,0.06,,
SB773,SB773,CLB / VA SHELL BEVEL,25 TYP,25 TYP,0.06 MAX LAND,0.06,,
SB774,SB774,CLB / VA SHELL BEVEL,25 TYP,25 TYP,0.06 MAX LAND,0.06,,
SB775,SB775,CLB / VA SHELL BEVEL,22.5 TYP,22.5 TYP,0.06 MAX LAND,0.06,,
SB776,SB776,CLB / VA SHELL BEVEL,22.5 TYP,22.5 TYP,0.06 MAX LAND,0.06,,
SB777,SB777,CLB / VA SHELL BEVEL,22.5 TYP,22.5 TYP,0.06 MAX LAND,0.06,,
SB778,SB778,CLB / VA SHELL BEVEL,30 TYP,30 TYP,0.06 MAX LAND,0.06,,
SB779,SB779,SHELL BEVEL,30,30,.06 MAX,.06,,
SB780,SB780,CLB / VA SHELL BEVEL,30 TYP,30 TYP,0.06 MAX LAND,0.06,,
SB781,SB781,CLB / VA SHELL BEVEL,30,30,0.06 MAX LAND,0.06,,
SB782,SB782,CLB / VA SHELL BEVEL,25,22.5,0.06 MAX LAND,0.06,,
SB783,SB783,CLB / VA SHELL BEVEL,25,22.5,0.06 MAX LAND,0.06,,
SB784,SB784,CLB / VA SHELL BEVEL,25,22.5,0.06 MAX LAND,0.06,,
SB785,SB785,CLB / VA SHELL BEVEL,25,22.5,0.06 MAX LAND,0.06,,
SB786,SB786,CLB / VA SHELL BEVEL,30,30,0.06 MAX LAND,0.06,,
SB787,SB787,CLB / VA SHELL BEVEL,30,30,.06 MAX,.06,,
SB788,SB788,CLB / VA SHELL BEVEL,30 TYP,30 TYP,,,,
SB789,SB789,CLB / VA BEVEL,22.5 TYP,22.5 TYP,.06 MAX LAND,.06,,
SB790,SB790,CLB / VA SHELL BEVEL,22.5,22.5,0 1/16in MAX LAND,.06,,
